ID;Name;ORIGIN;SEX
39;LibriSpeech/39-121914-0000.flac;TEST; F 
229;LibriSpeech/229-130880-0000.flac;TEST; M 
254;LibriSpeech/254-12312-0000.flac;TEST; M 
322;LibriSpeech/322-124146-0000.flac;TEST; F 
412;LibriSpeech/412-126975-0000.flac;TEST; M 
1040;LibriSpeech/1040-133433-0000.flac;TEST; M 
1081;LibriSpeech/1081-125237-0000.flac;TEST; M 
1553;LibriSpeech/1553-140047-0000.flac;TEST; F 
1578;LibriSpeech/1578-140045-0000.flac;TEST; F 
1926;LibriSpeech/1926-143879-0000.flac;TEST; F 
2002;LibriSpeech/2002-139469-0000.flac;TEST; M 
2092;LibriSpeech/2092-145706-0000.flac;TEST; F 
2136;LibriSpeech/2136-5140-0000.flac;TEST; M 
2159;LibriSpeech/2159-179154-0000.flac;TEST; M 
2196;LibriSpeech/2196-170151-0000.flac;TEST; F 
2391;LibriSpeech/2391-145015-0000.flac;TEST; F 
2416;LibriSpeech/2416-152137-0000.flac;TEST; F 
2436;LibriSpeech/2436-2476-0000.flac;TEST; M 
2836;LibriSpeech/2836-5354-0000.flac;TEST; F 
2843;LibriSpeech/2843-152918-0000.flac;TEST; M 
2952;LibriSpeech/2952-407-0000.flac;TEST; M 
3240;LibriSpeech/3240-131231-0000.flac;TEST; M 
3374;LibriSpeech/3374-298025-0000.flac;TEST; M 
3436;LibriSpeech/3436-172162-0000.flac;TEST; M 
3607;LibriSpeech/3607-135982-0000.flac;TEST; M 
3982;LibriSpeech/3982-178459-0000.flac;TEST; F 
4362;LibriSpeech/4362-15663-0000.flac;TEST; F 
4441;LibriSpeech/4441-76250-0000.flac;TEST; M 
5022;LibriSpeech/5022-29405-0000.flac;TEST; F 
5322;LibriSpeech/5322-7678-0000.flac;TEST; M 
5339;LibriSpeech/5339-14133-0000.flac;TEST; F 
5678;LibriSpeech/5678-43301-0000.flac;TEST; M 
5688;LibriSpeech/5688-15787-0000.flac;TEST; F 
5808;LibriSpeech/5808-48608-0000.flac;TEST; M 
5867;LibriSpeech/5867-48852-0000.flac;TEST; F 
6078;LibriSpeech/6078-54007-0000.flac;TEST; F 
6147;LibriSpeech/6147-34605-0000.flac;TEST; F 
6385;LibriSpeech/6385-220959-0000.flac;TEST; F 
6476;LibriSpeech/6476-57446-0000.flac;TEST; F 
6818;LibriSpeech/6818-68772-0000.flac;TEST; F 
7078;LibriSpeech/7078-271888-0000.flac;TEST; F 
7113;LibriSpeech/7113-86041-0000.flac;TEST; F 
7148;LibriSpeech/7148-59157-0000.flac;TEST; F 
7794;LibriSpeech/7794-295947-0000.flac;TEST; F 
8014;LibriSpeech/8014-112586-0000.flac;TEST; F 
8051;LibriSpeech/8051-118101-0000.flac;TEST; F 
8088;LibriSpeech/8088-284756-0000.flac;TEST; M 
8425;LibriSpeech/8425-246962-0000.flac;TEST; M 
8580;LibriSpeech/8580-287363-0000.flac;TEST; M 
8609;LibriSpeech/8609-262281-0000.flac;TEST; M 
19;LibriSpeech/19-198-0000.flac;TRAIN; F 
26;LibriSpeech/26-495-0000.flac;TRAIN; M 
27;LibriSpeech/27-123349-0000.flac;TRAIN; M 
32;LibriSpeech/32-21625-0000.flac;TRAIN; F 
40;LibriSpeech/40-121026-0000.flac;TRAIN; F 
60;LibriSpeech/60-121082-0000.flac;TRAIN; M 
78;LibriSpeech/78-368-0000.flac;TRAIN; M 
83;LibriSpeech/83-11691-0000.flac;TRAIN; F 
87;LibriSpeech/87-121553-0000.flac;TRAIN; F 
89;LibriSpeech/89-218-0000.flac;TRAIN; F 
103;LibriSpeech/103-1240-0000.flac;TRAIN; F 
118;LibriSpeech/118-121721-0000.flac;TRAIN; M 
125;LibriSpeech/125-121124-0000.flac;TRAIN; F 
150;LibriSpeech/150-126107-0000.flac;TRAIN; F 
163;LibriSpeech/163-121908-0000.flac;TRAIN; M 
196;LibriSpeech/196-122150-0000.flac;TRAIN; M 
198;LibriSpeech/198-126831-0000.flac;TRAIN; F 
200;LibriSpeech/200-124139-0000.flac;TRAIN; F 
201;LibriSpeech/201-122255-0000.flac;TRAIN; M 
211;LibriSpeech/211-122425-0000.flac;TRAIN; F 
226;LibriSpeech/226-122538-0000.flac;TRAIN; F 
233;LibriSpeech/233-134440-0000.flac;TRAIN; M 
248;LibriSpeech/248-130644-0000.flac;TRAIN; F 
250;LibriSpeech/250-140277-0000.flac;TRAIN; F 
289;LibriSpeech/289-121652-0000.flac;TRAIN; F 
298;LibriSpeech/298-126790-0000.flac;TRAIN; F 
302;LibriSpeech/302-123504-0000.flac;TRAIN; F 
307;LibriSpeech/307-127535-0000.flac;TRAIN; M 
311;LibriSpeech/311-124404-0000.flac;TRAIN; M 
328;LibriSpeech/328-129766-0000.flac;TRAIN; F 
332;LibriSpeech/332-128985-0000.flac;TRAIN; M 
374;LibriSpeech/374-180298-0000.flac;TRAIN; M 
403;LibriSpeech/403-126855-0000.flac;TRAIN; F 
405;LibriSpeech/405-130894-0000.flac;TRAIN; M 
426;LibriSpeech/426-122819-0000.flac;TRAIN; F 
441;LibriSpeech/441-128982-0000.flac;TRAIN; F 
445;LibriSpeech/445-123857-0000.flac;TRAIN; M 
446;LibriSpeech/446-123501-0000.flac;TRAIN; M 
458;LibriSpeech/458-126290-0000.flac;TRAIN; M 
460;LibriSpeech/460-172357-0000.flac;TRAIN; M 
481;LibriSpeech/481-123719-0000.flac;TRAIN; M 
587;LibriSpeech/587-41611-0000.flac;TRAIN; F 
625;LibriSpeech/625-132112-0000.flac;TRAIN; M 
669;LibriSpeech/669-129061-0000.flac;TRAIN; F 
696;LibriSpeech/696-92939-0000.flac;TRAIN; F 
730;LibriSpeech/730-358-0000.flac;TRAIN; F 
831;LibriSpeech/831-130739-0000.flac;TRAIN; M 
839;LibriSpeech/839-130898-0000.flac;TRAIN; M 
887;LibriSpeech/887-123289-0000.flac;TRAIN; F 
909;LibriSpeech/909-131041-0000.flac;TRAIN; M 
911;LibriSpeech/911-128684-0000.flac;TRAIN; M 
1034;LibriSpeech/1034-121119-0000.flac;TRAIN; M 
1069;LibriSpeech/1069-133699-0000.flac;TRAIN; F 
1088;LibriSpeech/1088-129236-0000.flac;TRAIN; F 
1098;LibriSpeech/1098-133695-0000.flac;TRAIN; F 
1116;LibriSpeech/1116-132847-0000.flac;TRAIN; F 
1183;LibriSpeech/1183-124566-0000.flac;TRAIN; F 
1235;LibriSpeech/1235-135883-0000.flac;TRAIN; M 
1246;LibriSpeech/1246-124548-0000.flac;TRAIN; F 
1263;LibriSpeech/1263-138246-0000.flac;TRAIN; F 
1334;LibriSpeech/1334-135589-0000.flac;TRAIN; M 
1355;LibriSpeech/1355-39947-0000.flac;TRAIN; M 
1363;LibriSpeech/1363-135842-0000.flac;TRAIN; F 
1447;LibriSpeech/1447-130550-0000.flac;TRAIN; F 
1455;LibriSpeech/1455-134435-0000.flac;TRAIN; M 
1502;LibriSpeech/1502-122615-0000.flac;TRAIN; F 
1594;LibriSpeech/1594-135914-0000.flac;TRAIN; M 
1624;LibriSpeech/1624-142933-0000.flac;TRAIN; M 
1723;LibriSpeech/1723-141149-0000.flac;TRAIN; M 
1737;LibriSpeech/1737-142396-0000.flac;TRAIN; F 
1743;LibriSpeech/1743-142912-0000.flac;TRAIN; M 
1841;LibriSpeech/1841-150351-0000.flac;TRAIN; F 
1867;LibriSpeech/1867-148436-0000.flac;TRAIN; M 
1898;LibriSpeech/1898-145702-0000.flac;TRAIN; F 
1963;LibriSpeech/1963-142393-0000.flac;TRAIN; F 
1970;LibriSpeech/1970-10594-0000.flac;TRAIN; F 
1992;LibriSpeech/1992-141719-0000.flac;TRAIN; F 
2007;LibriSpeech/2007-132570-0000.flac;TRAIN; F 
2182;LibriSpeech/2182-150130-0000.flac;TRAIN; F 
2289;LibriSpeech/2289-152253-0000.flac;TRAIN; M 
2384;LibriSpeech/2384-152900-0000.flac;TRAIN; M 
2514;LibriSpeech/2514-149482-0000.flac;TRAIN; M 
2518;LibriSpeech/2518-154825-0000.flac;TRAIN; M 
2691;LibriSpeech/2691-156745-0000.flac;TRAIN; F 
2764;LibriSpeech/2764-36616-0000.flac;TRAIN; F 
2817;LibriSpeech/2817-142371-0000.flac;TRAIN; F 
2893;LibriSpeech/2893-139310-0000.flac;TRAIN; M 
2910;LibriSpeech/2910-131096-0000.flac;TRAIN; F 
2911;LibriSpeech/2911-12359-0000.flac;TRAIN; M 
2989;LibriSpeech/2989-138028-0000.flac;TRAIN; F 
3112;LibriSpeech/3112-9554-0000.flac;TRAIN; F 
3168;LibriSpeech/3168-173564-0000.flac;TRAIN; M 
3214;LibriSpeech/3214-167602-0000.flac;TRAIN; M 
3235;LibriSpeech/3235-11599-0000.flac;TRAIN; F 
3242;LibriSpeech/3242-67153-0000.flac;TRAIN; M 
3259;LibriSpeech/3259-158083-0000.flac;TRAIN; F 
3440;LibriSpeech/3440-171006-0000.flac;TRAIN; F 
3486;LibriSpeech/3486-166424-0000.flac;TRAIN; M 
3526;LibriSpeech/3526-175658-0000.flac;TRAIN; F 
3664;LibriSpeech/3664-11714-0000.flac;TRAIN; M 
3699;LibriSpeech/3699-175950-0000.flac;TRAIN; M 
3723;LibriSpeech/3723-171115-0000.flac;TRAIN; M 
3807;LibriSpeech/3807-4923-0000.flac;TRAIN; M 
3830;LibriSpeech/3830-12529-0000.flac;TRAIN; M 
3857;LibriSpeech/3857-180923-0000.flac;TRAIN; M 
3879;LibriSpeech/3879-173592-0000.flac;TRAIN; F 
3947;LibriSpeech/3947-13260-0000.flac;TRAIN; F 
3983;LibriSpeech/3983-5331-0000.flac;TRAIN; F 
4014;LibriSpeech/4014-186175-0000.flac;TRAIN; M 
4018;LibriSpeech/4018-103416-0000.flac;TRAIN; M 
4051;LibriSpeech/4051-10927-0000.flac;TRAIN; F 
4088;LibriSpeech/4088-158077-0000.flac;TRAIN; F 
4137;LibriSpeech/4137-11701-0000.flac;TRAIN; F 
4160;LibriSpeech/4160-11549-0000.flac;TRAIN; F 
4195;LibriSpeech/4195-17507-0000.flac;TRAIN; F 
4214;LibriSpeech/4214-7146-0000.flac;TRAIN; F 
4267;LibriSpeech/4267-287369-0000.flac;TRAIN; M 
4297;LibriSpeech/4297-13006-0000.flac;TRAIN; F 
4340;LibriSpeech/4340-15220-0000.flac;TRAIN; F 
4397;LibriSpeech/4397-15666-0000.flac;TRAIN; M 
4406;LibriSpeech/4406-16882-0000.flac;TRAIN; M 
4481;LibriSpeech/4481-17498-0000.flac;TRAIN; F 
4640;LibriSpeech/4640-19187-0000.flac;TRAIN; F 
4680;LibriSpeech/4680-16026-0000.flac;TRAIN; F 
4788;LibriSpeech/4788-294466-0000.flac;TRAIN; M 
4813;LibriSpeech/4813-248638-0000.flac;TRAIN; M 
4830;LibriSpeech/4830-25898-0000.flac;TRAIN; M 
4853;LibriSpeech/4853-27670-0000.flac;TRAIN; F 
4859;LibriSpeech/4859-22176-0000.flac;TRAIN; M 
4898;LibriSpeech/4898-20016-0000.flac;TRAIN; M 
5049;LibriSpeech/5049-25947-0000.flac;TRAIN; M 
5104;LibriSpeech/5104-33406-0000.flac;TRAIN; M 
5163;LibriSpeech/5163-18515-0000.flac;TRAIN; F 
5192;LibriSpeech/5192-19396-0000.flac;TRAIN; M 
5390;LibriSpeech/5390-24512-0000.flac;TRAIN; M 
5393;LibriSpeech/5393-19218-0000.flac;TRAIN; F 
5456;LibriSpeech/5456-24741-0000.flac;TRAIN; M 
5463;LibriSpeech/5463-39173-0000.flac;TRAIN; M 
5514;LibriSpeech/5514-19192-0000.flac;TRAIN; F 
5561;LibriSpeech/5561-39621-0000.flac;TRAIN; F 
5652;LibriSpeech/5652-19215-0000.flac;TRAIN; F 
5703;LibriSpeech/5703-47198-0000.flac;TRAIN; M 
5750;LibriSpeech/5750-100289-0000.flac;TRAIN; M 
5778;LibriSpeech/5778-12761-0000.flac;TRAIN; F 
5789;LibriSpeech/5789-57158-0000.flac;TRAIN; F 
6000;LibriSpeech/6000-55211-0000.flac;TRAIN; F 
6019;LibriSpeech/6019-3185-0000.flac;TRAIN; M 
6064;LibriSpeech/6064-300880-0000.flac;TRAIN; F 
6081;LibriSpeech/6081-41997-0000.flac;TRAIN; M 
6181;LibriSpeech/6181-216552-0000.flac;TRAIN; M 
6209;LibriSpeech/6209-34599-0000.flac;TRAIN; M 
6272;LibriSpeech/6272-70168-0000.flac;TRAIN; F 
6367;LibriSpeech/6367-65536-0000.flac;TRAIN; M 
6415;LibriSpeech/6415-100596-0000.flac;TRAIN; F 
6437;LibriSpeech/6437-66172-0000.flac;TRAIN; M 
6454;LibriSpeech/6454-107462-0000.flac;TRAIN; M 
6529;LibriSpeech/6529-62554-0000.flac;TRAIN; M 
6531;LibriSpeech/6531-61334-0000.flac;TRAIN; F 
6563;LibriSpeech/6563-285357-0000.flac;TRAIN; M 
6836;LibriSpeech/6836-61803-0000.flac;TRAIN; M 
6848;LibriSpeech/6848-252322-0000.flac;TRAIN; M 
6880;LibriSpeech/6880-216547-0000.flac;TRAIN; M 
6925;LibriSpeech/6925-80680-0000.flac;TRAIN; M 
7059;LibriSpeech/7059-77897-0000.flac;TRAIN; F 
7067;LibriSpeech/7067-76047-0000.flac;TRAIN; M 
7178;LibriSpeech/7178-34644-0000.flac;TRAIN; F 
7190;LibriSpeech/7190-90542-0000.flac;TRAIN; M 
7226;LibriSpeech/7226-86964-0000.flac;TRAIN; M 
7264;LibriSpeech/7264-92310-0000.flac;TRAIN; M 
7278;LibriSpeech/7278-104730-0000.flac;TRAIN; M 
7302;LibriSpeech/7302-86814-0000.flac;TRAIN; F 
7312;LibriSpeech/7312-92432-0000.flac;TRAIN; M 
7367;LibriSpeech/7367-86737-0000.flac;TRAIN; M 
7402;LibriSpeech/7402-59171-0000.flac;TRAIN; M 
7447;LibriSpeech/7447-91186-0000.flac;TRAIN; M 
7505;LibriSpeech/7505-258958-0000.flac;TRAIN; M 
7511;LibriSpeech/7511-102419-0000.flac;TRAIN; F 
7517;LibriSpeech/7517-100429-0000.flac;TRAIN; F 
7635;LibriSpeech/7635-105409-0000.flac;TRAIN; F 
7780;LibriSpeech/7780-274562-0000.flac;TRAIN; F 
7800;LibriSpeech/7800-283478-0000.flac;TRAIN; F 
7859;LibriSpeech/7859-102518-0000.flac;TRAIN; F 
8063;LibriSpeech/8063-274112-0000.flac;TRAIN; M 
8095;LibriSpeech/8095-274345-0000.flac;TRAIN; M 
8098;LibriSpeech/8098-275181-0000.flac;TRAIN; M 
8108;LibriSpeech/8108-274318-0000.flac;TRAIN; M 
8123;LibriSpeech/8123-275193-0000.flac;TRAIN; F 
8226;LibriSpeech/8226-274369-0000.flac;TRAIN; M 
8238;LibriSpeech/8238-274553-0000.flac;TRAIN; F 
8312;LibriSpeech/8312-279790-0000.flac;TRAIN; F 
8324;LibriSpeech/8324-286681-0000.flac;TRAIN; F 
8419;LibriSpeech/8419-286667-0000.flac;TRAIN; M 
8465;LibriSpeech/8465-246940-0000.flac;TRAIN; F 
8468;LibriSpeech/8468-286673-0000.flac;TRAIN; F 
8629;LibriSpeech/8629-261139-0000.flac;TRAIN; M 
8630;LibriSpeech/8630-305212-0000.flac;TRAIN; M 
8747;LibriSpeech/8747-293952-0000.flac;TRAIN; M 
8770;LibriSpeech/8770-295462-0000.flac;TRAIN; M 
8797;LibriSpeech/8797-294123-0000.flac;TRAIN; M 
8838;LibriSpeech/8838-298545-0000.flac;TRAIN; M 
8975;LibriSpeech/8975-270782-0000.flac;TRAIN; F 
8976;LibriSpeech/8976.flac;TRAIN; F 
8977;LibriSpeech/8977.flac;TRAIN; M 
8978;LibriSpeech/8978.flac;TRAIN; M 
8979;LibriSpeech/8979.flac;TRAIN; F 
8980;LibriSpeech/8980.flac;TRAIN; F 
8981;LibriSpeech/8981.flac;TRAIN; M 
8982;LibriSpeech/8982.flac;TRAIN; M 
8983;LibriSpeech/8983.flac;TRAIN; F 
8984;LibriSpeech/8984.flac;TRAIN; F 
8985;LibriSpeech/8985.flac;TRAIN; F 
8986;LibriSpeech/8986.flac;TRAIN; F 
8987;LibriSpeech/8987.flac;TRAIN; M 
8988;LibriSpeech/8988.flac;TRAIN; F 
8989;LibriSpeech/8989.flac;TRAIN; F 
8990;LibriSpeech/8990.flac;TRAIN; M 
8991;LibriSpeech/8991.flac;TRAIN; M 
8992;LibriSpeech/8992.flac;TRAIN; F 
8993;LibriSpeech/8993.flac;TRAIN; F 
8994;LibriSpeech/8994.flac;TRAIN; M 
8995;LibriSpeech/8995.flac;TRAIN; F 
8996;LibriSpeech/8996.flac;TRAIN; F 
8997;LibriSpeech/8997.flac;TRAIN; M 
8998;LibriSpeech/8998.flac;TRAIN; F 
8999;LibriSpeech/8999.flac;TRAIN; F 
9000;LibriSpeech/9000.flac;TRAIN; F 
9001;LibriSpeech/9001.flac;TRAIN; F 
9002;LibriSpeech/9002.flac;TRAIN; F 
9003;LibriSpeech/9003.flac;TRAIN; M 
9004;LibriSpeech/9004.flac;TRAIN; M 
9005;LibriSpeech/9005.flac;TRAIN; F 
9006;LibriSpeech/9006.flac;TRAIN; M 
9007;LibriSpeech/9007.flac;TRAIN; M 
9008;LibriSpeech/9008.flac;TRAIN; F 
9009;LibriSpeech/9009.flac;TRAIN; M 
9010;LibriSpeech/9010.flac;TRAIN; F 
9011;LibriSpeech/9011.flac;TRAIN; F 
9012;LibriSpeech/9012.flac;TRAIN; M 
9013;LibriSpeech/9013.flac;TRAIN; M 
9014;LibriSpeech/9014.flac;TRAIN; M 
9015;LibriSpeech/9015.flac;TRAIN; M 
9016;LibriSpeech/9016.flac;TRAIN; M 
9017;LibriSpeech/9017.flac;TRAIN; F 
9018;LibriSpeech/9018.flac;TRAIN; M 
9019;LibriSpeech/9019.flac;TRAIN; F 
9020;LibriSpeech/9020.flac;TRAIN; F 
9021;LibriSpeech/9021.flac;TRAIN; F 
9022;LibriSpeech/9022.flac;TRAIN; M 
9023;LibriSpeech/9023.flac;TRAIN; M 
9024;LibriSpeech/9024.flac;TRAIN; F 
9025;LibriSpeech/9025.flac;TRAIN; M 
9026;LibriSpeech/9026.flac;TRAIN; M 
9027;LibriSpeech/9027.flac;TRAIN; M 
9028;LibriSpeech/9028.flac;TRAIN; F 
9029;LibriSpeech/9029.flac;TRAIN; F 
9030;LibriSpeech/9030.flac;TRAIN; F 
9031;LibriSpeech/9031.flac;TRAIN; F 
9032;LibriSpeech/9032.flac;TRAIN; F 
9033;LibriSpeech/9033.flac;TRAIN; M 
9034;LibriSpeech/9034.flac;TRAIN; F 
9035;LibriSpeech/9035.flac;TRAIN; F 
9036;LibriSpeech/9036.flac;TRAIN; M 
9037;LibriSpeech/9037.flac;TRAIN; M 
9038;LibriSpeech/9038.flac;TRAIN; F 
9039;LibriSpeech/9039.flac;TRAIN; F 
9040;LibriSpeech/9040.flac;TRAIN; M 
9041;LibriSpeech/9041.flac;TRAIN; F 
9042;LibriSpeech/9042.flac;TRAIN; M 
9043;LibriSpeech/9043.flac;TRAIN; M 
9044;LibriSpeech/9044.flac;TRAIN; M 
9045;LibriSpeech/9045.flac;TRAIN; F 
9046;LibriSpeech/9046.flac;TRAIN; M 
9047;LibriSpeech/9047.flac;TRAIN; F 
9048;LibriSpeech/9048.flac;TRAIN; M 
9049;LibriSpeech/9049.flac;TRAIN; F 
9050;LibriSpeech/9050.flac;TRAIN; F 
9051;LibriSpeech/9051.flac;TRAIN; F 
9052;LibriSpeech/9052.flac;TRAIN; F 
9053;LibriSpeech/9053.flac;TRAIN; F 
9054;LibriSpeech/9054.flac;TRAIN; F 
9055;LibriSpeech/9055.flac;TRAIN; M 
9056;LibriSpeech/9056.flac;TRAIN; M 
9057;LibriSpeech/9057.flac;TRAIN; M 
9058;LibriSpeech/9058.flac;TRAIN; M 
9059;LibriSpeech/9059.flac;TRAIN; F 
9060;LibriSpeech/9060.flac;TRAIN; F 
9061;LibriSpeech/9061.flac;TRAIN; F 
9062;LibriSpeech/9062.flac;TRAIN; M 
9063;LibriSpeech/9063.flac;TRAIN; F 
9064;LibriSpeech/9064.flac;TRAIN; M 
9065;LibriSpeech/9065.flac;TRAIN; F 
9066;LibriSpeech/9066.flac;TRAIN; F 
9067;LibriSpeech/9067.flac;TRAIN; M 
9068;LibriSpeech/9068.flac;TRAIN; M 
9069;LibriSpeech/9069.flac;TRAIN; F 
9070;LibriSpeech/9070.flac;TRAIN; M 
9071;LibriSpeech/9071.flac;TRAIN; F 
9072;LibriSpeech/9072.flac;TRAIN; F 
9073;LibriSpeech/9073.flac;TRAIN; M 
9074;LibriSpeech/9074.flac;TRAIN; F 
9075;LibriSpeech/9075.flac;TRAIN; M 
9076;LibriSpeech/9076.flac;TRAIN; M 
9077;LibriSpeech/9077.flac;TRAIN; M 
9078;LibriSpeech/9078.flac;TRAIN; M 
9079;LibriSpeech/9079.flac;TRAIN; M 
9080;LibriSpeech/9080.flac;TRAIN; M 
9081;LibriSpeech/9081.flac;TRAIN; F 
9082;LibriSpeech/9082.flac;TRAIN; F 
9083;LibriSpeech/9083.flac;TRAIN; F 
9084;LibriSpeech/9084.flac;TRAIN; M 
9085;LibriSpeech/9085.flac;TRAIN; M 
9086;LibriSpeech/9086.flac;TRAIN; F 
9087;LibriSpeech/9087.flac;TRAIN; F 
9088;LibriSpeech/9088.flac;TRAIN; F 
9089;LibriSpeech/9089.flac;TRAIN; F 
9090;LibriSpeech/9090.flac;TRAIN; F 
9091;LibriSpeech/9091.flac;TRAIN; F 
9092;LibriSpeech/9092.flac;TRAIN; M 
9093;LibriSpeech/9093.flac;TRAIN; F 
9094;LibriSpeech/9094.flac;TRAIN; F 
9095;LibriSpeech/9095.flac;TRAIN; M 
9096;LibriSpeech/9096.flac;TRAIN; M 
9097;LibriSpeech/9097.flac;TRAIN; F 
9098;LibriSpeech/9098.flac;TRAIN; F 
9099;LibriSpeech/9099.flac;TRAIN; F 
9100;LibriSpeech/9100.flac;TRAIN; M 
9101;LibriSpeech/9101.flac;TRAIN; M 
9102;LibriSpeech/9102.flac;TRAIN; M 
9103;LibriSpeech/9103.flac;TRAIN; F 
9104;LibriSpeech/9104.flac;TRAIN; M 
9105;LibriSpeech/9105.flac;TRAIN; M 
9106;LibriSpeech/9106.flac;TRAIN; M 
9107;LibriSpeech/9107.flac;TRAIN; M 
9108;LibriSpeech/9108.flac;TRAIN; F 
9109;LibriSpeech/9109.flac;TRAIN; M 
9110;LibriSpeech/9110.flac;TRAIN; M 
9111;LibriSpeech/9111.flac;TRAIN; F 
9112;LibriSpeech/9112.flac;TRAIN; M 
9113;LibriSpeech/9113.flac;TRAIN; M 
9114;LibriSpeech/9114.flac;TRAIN; F 
9115;LibriSpeech/9115.flac;TRAIN; F 
9116;LibriSpeech/9116.flac;TRAIN; F 
9117;LibriSpeech/9117.flac;TRAIN; M 
9118;LibriSpeech/9118.flac;TRAIN; M 
9119;LibriSpeech/9119.flac;TRAIN; F 
9120;LibriSpeech/9120.flac;TRAIN; F 
9121;LibriSpeech/9121.flac;TRAIN; F 
9122;LibriSpeech/9122.flac;TRAIN; M 
9123;LibriSpeech/9123.flac;TRAIN; F 
9124;LibriSpeech/9124.flac;TRAIN; M 
9125;LibriSpeech/9125.flac;TRAIN; M 
9126;LibriSpeech/9126.flac;TRAIN; M 
9127;LibriSpeech/9127.flac;TRAIN; F 
9128;LibriSpeech/9128.flac;TRAIN; M 
9129;LibriSpeech/9129.flac;TRAIN; F 
9130;LibriSpeech/9130.flac;TRAIN; M 
9131;LibriSpeech/9131.flac;TRAIN; M 
9132;LibriSpeech/9132.flac;TRAIN; M 
9133;LibriSpeech/9133.flac;TRAIN; F 
9134;LibriSpeech/9134.flac;TRAIN; M 
9135;LibriSpeech/9135.flac;TRAIN; M 
9136;LibriSpeech/9136.flac;TRAIN; M 
9137;LibriSpeech/9137.flac;TRAIN; M 
9138;LibriSpeech/9138.flac;TRAIN; M 
9139;LibriSpeech/9139.flac;TRAIN; F 
9140;LibriSpeech/9140.flac;TRAIN; M 
9141;LibriSpeech/9141.flac;TRAIN; F 
9142;LibriSpeech/9142.flac;TRAIN; M 
9143;LibriSpeech/9143.flac;TRAIN; M 
9144;LibriSpeech/9144.flac;TRAIN; M 
9145;LibriSpeech/9145.flac;TRAIN; M 
9146;LibriSpeech/9146.flac;TRAIN; F 
9147;LibriSpeech/9147.flac;TRAIN; M 
9148;LibriSpeech/9148.flac;TRAIN; M 
9149;LibriSpeech/9149.flac;TRAIN; M 
9150;LibriSpeech/9150.flac;TRAIN; M 
9151;LibriSpeech/9151.flac;TRAIN; M 
9152;LibriSpeech/9152.flac;TRAIN; F 
9153;LibriSpeech/9153.flac;TRAIN; F 
9154;LibriSpeech/9154.flac;TRAIN; F 
9155;LibriSpeech/9155.flac;TRAIN; F 
9156;LibriSpeech/9156.flac;TRAIN; F 
9157;LibriSpeech/9157.flac;TRAIN; F 
9158;LibriSpeech/9158.flac;TRAIN; M 
9159;LibriSpeech/9159.flac;TRAIN; M 
9160;LibriSpeech/9160.flac;TRAIN; M 
9161;LibriSpeech/9161.flac;TRAIN; M 
9162;LibriSpeech/9162.flac;TRAIN; F 
9163;LibriSpeech/9163.flac;TRAIN; M 
9164;LibriSpeech/9164.flac;TRAIN; F 
9165;LibriSpeech/9165.flac;TRAIN; F 
9166;LibriSpeech/9166.flac;TRAIN; F 
9167;LibriSpeech/9167.flac;TRAIN; M 
9168;LibriSpeech/9168.flac;TRAIN; F 
9169;LibriSpeech/9169.flac;TRAIN; F 
9170;LibriSpeech/9170.flac;TRAIN; M 
9171;LibriSpeech/9171.flac;TRAIN; M 
9172;LibriSpeech/9172.flac;TRAIN; M 
9173;LibriSpeech/9173.flac;TRAIN; M 
9174;LibriSpeech/9174.flac;TRAIN; M 
9175;LibriSpeech/9175.flac;TRAIN; M 
9176;LibriSpeech/9176.flac;TRAIN; F 
9177;LibriSpeech/9177.flac;TRAIN; F 
9178;LibriSpeech/9178.flac;TRAIN; M 
9179;LibriSpeech/9179.flac;TRAIN; M 
9180;LibriSpeech/9180.flac;TRAIN; F 
9181;LibriSpeech/9181.flac;TRAIN; F 
9182;LibriSpeech/9182.flac;TRAIN; M 
9183;LibriSpeech/9183.flac;TRAIN; M 
9184;LibriSpeech/9184.flac;TRAIN; F 
9185;LibriSpeech/9185.flac;TRAIN; F 
9186;LibriSpeech/9186.flac;TRAIN; F 
9187;LibriSpeech/9187.flac;TRAIN; F 
9188;LibriSpeech/9188.flac;TRAIN; M 
9189;LibriSpeech/9189.flac;TRAIN; F 
9190;LibriSpeech/9190.flac;TRAIN; F 
9191;LibriSpeech/9191.flac;TRAIN; M 
9192;LibriSpeech/9192.flac;TRAIN; M 
9193;LibriSpeech/9193.flac;TRAIN; F 
9194;LibriSpeech/9194.flac;TRAIN; F 
9195;LibriSpeech/9195.flac;TRAIN; M 
9196;LibriSpeech/9196.flac;TRAIN; F 
9197;LibriSpeech/9197.flac;TRAIN; F 
9198;LibriSpeech/9198.flac;TRAIN; M 
9199;LibriSpeech/9199.flac;TRAIN; F 
9200;LibriSpeech/9200.flac;TRAIN; F 
9201;LibriSpeech/9201.flac;TRAIN; F 
9202;LibriSpeech/9202.flac;TRAIN; F 
9203;LibriSpeech/9203.flac;TRAIN; F 
9204;LibriSpeech/9204.flac;TRAIN; M 
9205;LibriSpeech/9205.flac;TRAIN; M 
9206;LibriSpeech/9206.flac;TRAIN; F 
9207;LibriSpeech/9207.flac;TRAIN; M 
9208;LibriSpeech/9208.flac;TRAIN; M 
9209;LibriSpeech/9209.flac;TRAIN; F 
9210;LibriSpeech/9210.flac;TRAIN; M 
9211;LibriSpeech/9211.flac;TRAIN; F 
9212;LibriSpeech/9212.flac;TRAIN; F 
9213;LibriSpeech/9213.flac;TRAIN; M 
9214;LibriSpeech/9214.flac;TRAIN; M 
9215;LibriSpeech/9215.flac;TRAIN; M 
9216;LibriSpeech/9216.flac;TRAIN; M 
9217;LibriSpeech/9217.flac;TRAIN; M 
9218;LibriSpeech/9218.flac;TRAIN; F 
9219;LibriSpeech/9219.flac;TRAIN; M 
9220;LibriSpeech/9220.flac;TRAIN; F 
9221;LibriSpeech/9221.flac;TRAIN; F 
9222;LibriSpeech/9222.flac;TRAIN; F 
9223;LibriSpeech/9223.flac;TRAIN; M 
9224;LibriSpeech/9224.flac;TRAIN; M 
9225;LibriSpeech/9225.flac;TRAIN; F 
9226;LibriSpeech/9226.flac;TRAIN; M 
9227;LibriSpeech/9227.flac;TRAIN; M 
9228;LibriSpeech/9228.flac;TRAIN; M 
9229;LibriSpeech/9229.flac;TRAIN; F 
9230;LibriSpeech/9230.flac;TRAIN; F 
9231;LibriSpeech/9231.flac;TRAIN; F 
9232;LibriSpeech/9232.flac;TRAIN; F 
9233;LibriSpeech/9233.flac;TRAIN; F 
9234;LibriSpeech/9234.flac;TRAIN; M 
9235;LibriSpeech/9235.flac;TRAIN; F 
9236;LibriSpeech/9236.flac;TRAIN; F 
9237;LibriSpeech/9237.flac;TRAIN; M 
9238;LibriSpeech/9238.flac;TRAIN; M 
9239;LibriSpeech/9239.flac;TRAIN; F 
9240;LibriSpeech/9240.flac;TRAIN; F 
9241;LibriSpeech/9241.flac;TRAIN; M 
9242;LibriSpeech/9242.flac;TRAIN; F 
9243;LibriSpeech/9243.flac;TRAIN; M 
9244;LibriSpeech/9244.flac;TRAIN; M 
9245;LibriSpeech/9245.flac;TRAIN; M 
9246;LibriSpeech/9246.flac;TRAIN; F 
9247;LibriSpeech/9247.flac;TRAIN; M 
9248;LibriSpeech/9248.flac;TRAIN; F 
9249;LibriSpeech/9249.flac;TRAIN; M 
9250;LibriSpeech/9250.flac;TRAIN; F 
9251;LibriSpeech/9251.flac;TRAIN; F 
9252;LibriSpeech/9252.flac;TRAIN; F 
9253;LibriSpeech/9253.flac;TRAIN; F 
9254;LibriSpeech/9254.flac;TRAIN; F 
9255;LibriSpeech/9255.flac;TRAIN; F 
9256;LibriSpeech/9256.flac;TRAIN; M 
9257;LibriSpeech/9257.flac;TRAIN; M 
9258;LibriSpeech/9258.flac;TRAIN; M 
9259;LibriSpeech/9259.flac;TRAIN; M 
9260;LibriSpeech/9260.flac;TRAIN; F 
9261;LibriSpeech/9261.flac;TRAIN; F 
9262;LibriSpeech/9262.flac;TRAIN; F 
9263;LibriSpeech/9263.flac;TRAIN; M 
9264;LibriSpeech/9264.flac;TRAIN; F 
9265;LibriSpeech/9265.flac;TRAIN; M 
9266;LibriSpeech/9266.flac;TRAIN; F 
9267;LibriSpeech/9267.flac;TRAIN; F 
9268;LibriSpeech/9268.flac;TRAIN; M 
9269;LibriSpeech/9269.flac;TRAIN; M 
9270;LibriSpeech/9270.flac;TRAIN; F 
9271;LibriSpeech/9271.flac;TRAIN; M 
9272;LibriSpeech/9272.flac;TRAIN; F 
9273;LibriSpeech/9273.flac;TRAIN; F 
9274;LibriSpeech/9274.flac;TRAIN; M 
9275;LibriSpeech/9275.flac;TRAIN; F 
9276;LibriSpeech/9276.flac;TRAIN; M 
9277;LibriSpeech/9277.flac;TRAIN; M 
9278;LibriSpeech/9278.flac;TRAIN; M 
9279;LibriSpeech/9279.flac;TRAIN; M 
9280;LibriSpeech/9280.flac;TRAIN; M 
9281;LibriSpeech/9281.flac;TRAIN; M 
9282;LibriSpeech/9282.flac;TRAIN; F 
9283;LibriSpeech/9283.flac;TRAIN; F 
9284;LibriSpeech/9284.flac;TRAIN; F 
9285;LibriSpeech/9285.flac;TRAIN; M 
9286;LibriSpeech/9286.flac;TRAIN; M 
9287;LibriSpeech/9287.flac;TRAIN; F 
9288;LibriSpeech/9288.flac;TRAIN; F 
9289;LibriSpeech/9289.flac;TRAIN; F 
9290;LibriSpeech/9290.flac;TRAIN; F 
9291;LibriSpeech/9291.flac;TRAIN; F 
9292;LibriSpeech/9292.flac;TRAIN; F 
9293;LibriSpeech/9293.flac;TRAIN; M 
9294;LibriSpeech/9294.flac;TRAIN; F 
9295;LibriSpeech/9295.flac;TRAIN; F 
9296;LibriSpeech/9296.flac;TRAIN; M 
9297;LibriSpeech/9297.flac;TRAIN; M 
9298;LibriSpeech/9298.flac;TRAIN; F 
9299;LibriSpeech/9299.flac;TRAIN; F 
9300;LibriSpeech/9300.flac;TRAIN; F 
9301;LibriSpeech/9301.flac;TRAIN; M 
9302;LibriSpeech/9302.flac;TRAIN; M 
9303;LibriSpeech/9303.flac;TRAIN; M 
9304;LibriSpeech/9304.flac;TRAIN; F 
9305;LibriSpeech/9305.flac;TRAIN; M 
9306;LibriSpeech/9306.flac;TRAIN; M 
9307;LibriSpeech/9307.flac;TRAIN; M 
9308;LibriSpeech/9308.flac;TRAIN; M 
9309;LibriSpeech/9309.flac;TRAIN; F 
9310;LibriSpeech/9310.flac;TRAIN; M 
9311;LibriSpeech/9311.flac;TRAIN; M 
9312;LibriSpeech/9312.flac;TRAIN; F 
9313;LibriSpeech/9313.flac;TRAIN; M 
9314;LibriSpeech/9314.flac;TRAIN; M 
9315;LibriSpeech/9315.flac;TRAIN; F 
9316;LibriSpeech/9316.flac;TRAIN; F 
9317;LibriSpeech/9317.flac;TRAIN; F 
9318;LibriSpeech/9318.flac;TRAIN; M 
9319;LibriSpeech/9319.flac;TRAIN; M 
9320;LibriSpeech/9320.flac;TRAIN; F 
9321;LibriSpeech/9321.flac;TRAIN; F 
9322;LibriSpeech/9322.flac;TRAIN; F 
9323;LibriSpeech/9323.flac;TRAIN; M 
9324;LibriSpeech/9324.flac;TRAIN; F 
9325;LibriSpeech/9325.flac;TRAIN; M 
9326;LibriSpeech/9326.flac;TRAIN; M 
9327;LibriSpeech/9327.flac;TRAIN; M 
9328;LibriSpeech/9328.flac;TRAIN; F 
9329;LibriSpeech/9329.flac;TRAIN; M 
9330;LibriSpeech/9330.flac;TRAIN; F 
9331;LibriSpeech/9331.flac;TRAIN; M 
9332;LibriSpeech/9332.flac;TRAIN; M 
9333;LibriSpeech/9333.flac;TRAIN; M 
9334;LibriSpeech/9334.flac;TRAIN; F 
9335;LibriSpeech/9335.flac;TRAIN; M 
9336;LibriSpeech/9336.flac;TRAIN; M 
9337;LibriSpeech/9337.flac;TRAIN; M 
9338;LibriSpeech/9338.flac;TRAIN; M 
9339;LibriSpeech/9339.flac;TRAIN; M 
9340;LibriSpeech/9340.flac;TRAIN; F 
9341;LibriSpeech/9341.flac;TRAIN; M 
9342;LibriSpeech/9342.flac;TRAIN; F 
9343;LibriSpeech/9343.flac;TRAIN; M 
9344;LibriSpeech/9344.flac;TRAIN; M 
9345;LibriSpeech/9345.flac;TRAIN; M 
9346;LibriSpeech/9346.flac;TRAIN; M 
9347;LibriSpeech/9347.flac;TRAIN; F 
9348;LibriSpeech/9348.flac;TRAIN; M 
9349;LibriSpeech/9349.flac;TRAIN; M 
9350;LibriSpeech/9350.flac;TRAIN; M 
9351;LibriSpeech/9351.flac;TRAIN; M 
9352;LibriSpeech/9352.flac;TRAIN; M 
9353;LibriSpeech/9353.flac;TRAIN; F 
9354;LibriSpeech/9354.flac;TRAIN; F 
9355;LibriSpeech/9355.flac;TRAIN; F 
9356;LibriSpeech/9356.flac;TRAIN; F 
9357;LibriSpeech/9357.flac;TRAIN; F 
9358;LibriSpeech/9358.flac;TRAIN; F 
9359;LibriSpeech/9359.flac;TRAIN; M 
9360;LibriSpeech/9360.flac;TRAIN; M 
9361;LibriSpeech/9361.flac;TRAIN; M 
9362;LibriSpeech/9362.flac;TRAIN; M 
9363;LibriSpeech/9363.flac;TRAIN; F 
9364;LibriSpeech/9364.flac;TRAIN; M 
9365;LibriSpeech/9365.flac;TRAIN; F 
9366;LibriSpeech/9366.flac;TRAIN; F 
9367;LibriSpeech/9367.flac;TRAIN; F 
9368;LibriSpeech/9368.flac;TRAIN; M 
9369;LibriSpeech/9369.flac;TRAIN; F 
9370;LibriSpeech/9370.flac;TRAIN; F 
9371;LibriSpeech/9371.flac;TRAIN; M 
9372;LibriSpeech/9372.flac;TRAIN; M 
9373;LibriSpeech/9373.flac;TRAIN; M 
9374;LibriSpeech/9374.flac;TRAIN; M 
9375;LibriSpeech/9375.flac;TRAIN; M 
9376;LibriSpeech/9376.flac;TRAIN; M 
9377;LibriSpeech/9377.flac;TRAIN; F 
9378;LibriSpeech/9378.flac;TRAIN; F 
9379;LibriSpeech/9379.flac;TRAIN; M 
9380;LibriSpeech/9380.flac;TRAIN; M 
9381;LibriSpeech/9381.flac;TRAIN; F 
9382;LibriSpeech/9382.flac;TRAIN; F 
9383;LibriSpeech/9383.flac;TRAIN; M 
9384;LibriSpeech/9384.flac;TRAIN; M 
9385;LibriSpeech/9385.flac;TRAIN; F 
9386;LibriSpeech/9386.flac;TRAIN; F 
9387;LibriSpeech/9387.flac;TRAIN; F 
9388;LibriSpeech/9388.flac;TRAIN; F 
9389;LibriSpeech/9389.flac;TRAIN; M 
9390;LibriSpeech/9390.flac;TRAIN; F 
9391;LibriSpeech/9391.flac;TRAIN; F 
9392;LibriSpeech/9392.flac;TRAIN; M 
9393;LibriSpeech/9393.flac;TRAIN; M 
9394;LibriSpeech/9394.flac;TRAIN; F 
9395;LibriSpeech/9395.flac;TRAIN; F 
9396;LibriSpeech/9396.flac;TRAIN; M 
9397;LibriSpeech/9397.flac;TRAIN; F 
9398;LibriSpeech/9398.flac;TRAIN; F 
9399;LibriSpeech/9399.flac;TRAIN; M 
9400;LibriSpeech/9400.flac;TRAIN; F 
9401;LibriSpeech/9401.flac;TRAIN; F 
9402;LibriSpeech/9402.flac;TRAIN; F 
9403;LibriSpeech/9403.flac;TRAIN; F 
9404;LibriSpeech/9404.flac;TRAIN; F 
9405;LibriSpeech/9405.flac;TRAIN; M 
9406;LibriSpeech/9406.flac;TRAIN; M 
9407;LibriSpeech/9407.flac;TRAIN; F 
9408;LibriSpeech/9408.flac;TRAIN; M 
9409;LibriSpeech/9409.flac;TRAIN; M 
9410;LibriSpeech/9410.flac;TRAIN; F 
9411;LibriSpeech/9411.flac;TRAIN; M 
9412;LibriSpeech/9412.flac;TRAIN; F 
9413;LibriSpeech/9413.flac;TRAIN; F 
9414;LibriSpeech/9414.flac;TRAIN; M 
9415;LibriSpeech/9415.flac;TRAIN; M 
9416;LibriSpeech/9416.flac;TRAIN; M 
9417;LibriSpeech/9417.flac;TRAIN; M 
9418;LibriSpeech/9418.flac;TRAIN; M 
9419;LibriSpeech/9419.flac;TRAIN; F 
9420;LibriSpeech/9420.flac;TRAIN; M 
9421;LibriSpeech/9421.flac;TRAIN; F 
9422;LibriSpeech/9422.flac;TRAIN; F 
9423;LibriSpeech/9423.flac;TRAIN; F 
9424;LibriSpeech/9424.flac;TRAIN; M 
9425;LibriSpeech/9425.flac;TRAIN; M 
9426;LibriSpeech/9426.flac;TRAIN; F 
9427;LibriSpeech/9427.flac;TRAIN; M 
9428;LibriSpeech/9428.flac;TRAIN; M 
9429;LibriSpeech/9429.flac;TRAIN; M 
9430;LibriSpeech/9430.flac;TRAIN; F 
9431;LibriSpeech/9431.flac;TRAIN; F 
9432;LibriSpeech/9432.flac;TRAIN; F 
9433;LibriSpeech/9433.flac;TRAIN; F 
9434;LibriSpeech/9434.flac;TRAIN; F 
9435;LibriSpeech/9435.flac;TRAIN; M 
9436;LibriSpeech/9436.flac;TRAIN; F 
9437;LibriSpeech/9437.flac;TRAIN; F 
9438;LibriSpeech/9438.flac;TRAIN; M 
9439;LibriSpeech/9439.flac;TRAIN; M 
9440;LibriSpeech/9440.flac;TRAIN; F 
9441;LibriSpeech/9441.flac;TRAIN; F 
9442;LibriSpeech/9442.flac;TRAIN; M 
9443;LibriSpeech/9443.flac;TRAIN; F 
9444;LibriSpeech/9444.flac;TRAIN; M 
9445;LibriSpeech/9445.flac;TRAIN; M 
9446;LibriSpeech/9446.flac;TRAIN; M 
9447;LibriSpeech/9447.flac;TRAIN; F 
9448;LibriSpeech/9448.flac;TRAIN; M 
9449;LibriSpeech/9449.flac;TRAIN; F 
9450;LibriSpeech/9450.flac;TRAIN; M 
9451;LibriSpeech/9451.flac;TRAIN; F 
9452;LibriSpeech/9452.flac;TRAIN; F 
9453;LibriSpeech/9453.flac;TRAIN; F 
9454;LibriSpeech/9454.flac;TRAIN; F 
9455;LibriSpeech/9455.flac;TRAIN; F 
9456;LibriSpeech/9456.flac;TRAIN; F 
9457;LibriSpeech/9457.flac;TRAIN; M 
9458;LibriSpeech/9458.flac;TRAIN; M 
9459;LibriSpeech/9459.flac;TRAIN; M 
9460;LibriSpeech/9460.flac;TRAIN; M 
9461;LibriSpeech/9461.flac;TRAIN; F 
9462;LibriSpeech/9462.flac;TRAIN; F 
9463;LibriSpeech/9463.flac;TRAIN; F 
9464;LibriSpeech/9464.flac;TRAIN; M 
9465;LibriSpeech/9465.flac;TRAIN; F 
9466;LibriSpeech/9466.flac;TRAIN; M 
9467;LibriSpeech/9467.flac;TRAIN; F 
9468;LibriSpeech/9468.flac;TRAIN; F 
9469;LibriSpeech/9469.flac;TRAIN; M 
9470;LibriSpeech/9470.flac;TRAIN; M 
9471;LibriSpeech/9471.flac;TRAIN; F 
9472;LibriSpeech/9472.flac;TRAIN; M 
9473;LibriSpeech/9473.flac;TRAIN; F 
9474;LibriSpeech/9474.flac;TRAIN; F 
9475;LibriSpeech/9475.flac;TRAIN; M 
9476;LibriSpeech/9476.flac;TRAIN; F 
9477;LibriSpeech/9477.flac;TRAIN; M 
9478;LibriSpeech/9478.flac;TRAIN; M 
9479;LibriSpeech/9479.flac;TRAIN; M 
9480;LibriSpeech/9480.flac;TRAIN; M 
9481;LibriSpeech/9481.flac;TRAIN; M 
9482;LibriSpeech/9482.flac;TRAIN; M 
9483;LibriSpeech/9483.flac;TRAIN; F 
9484;LibriSpeech/9484.flac;TRAIN; F 
9485;LibriSpeech/9485.flac;TRAIN; F 
9486;LibriSpeech/9486.flac;TRAIN; M 
9487;LibriSpeech/9487.flac;TRAIN; M 
9488;LibriSpeech/9488.flac;TRAIN; F 
9489;LibriSpeech/9489.flac;TRAIN; F 
9490;LibriSpeech/9490.flac;TRAIN; F 
9491;LibriSpeech/9491.flac;TRAIN; F 
9492;LibriSpeech/9492.flac;TRAIN; F 
9493;LibriSpeech/9493.flac;TRAIN; F 
9494;LibriSpeech/9494.flac;TRAIN; M 
9495;LibriSpeech/9495.flac;TRAIN; F 
9496;LibriSpeech/9496.flac;TRAIN; F 
9497;LibriSpeech/9497.flac;TRAIN; M 
9498;LibriSpeech/9498.flac;TRAIN; M 
9499;LibriSpeech/9499.flac;TRAIN; F 
9500;LibriSpeech/9500.flac;TRAIN; F 
9501;LibriSpeech/9501.flac;TRAIN; F 
9502;LibriSpeech/9502.flac;TRAIN; M 
9503;LibriSpeech/9503.flac;TRAIN; M 
9504;LibriSpeech/9504.flac;TRAIN; M 
9505;LibriSpeech/9505.flac;TRAIN; F 
9506;LibriSpeech/9506.flac;TRAIN; M 
9507;LibriSpeech/9507.flac;TRAIN; M 
9508;LibriSpeech/9508.flac;TRAIN; M 
9509;LibriSpeech/9509.flac;TRAIN; M 
9510;LibriSpeech/9510.flac;TRAIN; F 
9511;LibriSpeech/9511.flac;TRAIN; M 
9512;LibriSpeech/9512.flac;TRAIN; M 
9513;LibriSpeech/9513.flac;TRAIN; F 
9514;LibriSpeech/9514.flac;TRAIN; M 
9515;LibriSpeech/9515.flac;TRAIN; M 
9516;LibriSpeech/9516.flac;TRAIN; F 
9517;LibriSpeech/9517.flac;TRAIN; F 
9518;LibriSpeech/9518.flac;TRAIN; F 
9519;LibriSpeech/9519.flac;TRAIN; M 
9520;LibriSpeech/9520.flac;TRAIN; M 
9521;LibriSpeech/9521.flac;TRAIN; F 
9522;LibriSpeech/9522.flac;TRAIN; F 
9523;LibriSpeech/9523.flac;TRAIN; F 
9524;LibriSpeech/9524.flac;TRAIN; M 
9525;LibriSpeech/9525.flac;TRAIN; F 
9526;LibriSpeech/9526.flac;TRAIN; M 
9527;LibriSpeech/9527.flac;TRAIN; M 
9528;LibriSpeech/9528.flac;TRAIN; M 
9529;LibriSpeech/9529.flac;TRAIN; F 
9530;LibriSpeech/9530.flac;TRAIN; M 
9531;LibriSpeech/9531.flac;TRAIN; F 
9532;LibriSpeech/9532.flac;TRAIN; M 
9533;LibriSpeech/9533.flac;TRAIN; M 
9534;LibriSpeech/9534.flac;TRAIN; M 
9535;LibriSpeech/9535.flac;TRAIN; F 
9536;LibriSpeech/9536.flac;TRAIN; M 
9537;LibriSpeech/9537.flac;TRAIN; M 
9538;LibriSpeech/9538.flac;TRAIN; M 
9539;LibriSpeech/9539.flac;TRAIN; M 
9540;LibriSpeech/9540.flac;TRAIN; M 
9541;LibriSpeech/9541.flac;TRAIN; F 
9542;LibriSpeech/9542.flac;TRAIN; M 
9543;LibriSpeech/9543.flac;TRAIN; F 
9544;LibriSpeech/9544.flac;TRAIN; M 
9545;LibriSpeech/9545.flac;TRAIN; M 
9546;LibriSpeech/9546.flac;TRAIN; M 
9547;LibriSpeech/9547.flac;TRAIN; M 
9548;LibriSpeech/9548.flac;TRAIN; F 
9549;LibriSpeech/9549.flac;TRAIN; M 
9550;LibriSpeech/9550.flac;TRAIN; M 
9551;LibriSpeech/9551.flac;TRAIN; M 
9552;LibriSpeech/9552.flac;TRAIN; M 
9553;LibriSpeech/9553.flac;TRAIN; M 
9554;LibriSpeech/9554.flac;TRAIN; F 
9555;LibriSpeech/9555.flac;TRAIN; F 
9556;LibriSpeech/9556.flac;TRAIN; F 
9557;LibriSpeech/9557.flac;TRAIN; F 
9558;LibriSpeech/9558.flac;TRAIN; F 
9559;LibriSpeech/9559.flac;TRAIN; F 
9560;LibriSpeech/9560.flac;TRAIN; M 
9561;LibriSpeech/9561.flac;TRAIN; M 
9562;LibriSpeech/9562.flac;TRAIN; M 
9563;LibriSpeech/9563.flac;TRAIN; M 
9564;LibriSpeech/9564.flac;TRAIN; F 
9565;LibriSpeech/9565.flac;TRAIN; M 
9566;LibriSpeech/9566.flac;TRAIN; F 
9567;LibriSpeech/9567.flac;TRAIN; F 
9568;LibriSpeech/9568.flac;TRAIN; F 
9569;LibriSpeech/9569.flac;TRAIN; M 
9570;LibriSpeech/9570.flac;TRAIN; F 
9571;LibriSpeech/9571.flac;TRAIN; F 
9572;LibriSpeech/9572.flac;TRAIN; M 
9573;LibriSpeech/9573.flac;TRAIN; M 
9574;LibriSpeech/9574.flac;TRAIN; M 
9575;LibriSpeech/9575.flac;TRAIN; M 
9576;LibriSpeech/9576.flac;TRAIN; M 
9577;LibriSpeech/9577.flac;TRAIN; M 
9578;LibriSpeech/9578.flac;TRAIN; F 
